timestamp,read_bytes,write_bytes,read_ios,write_ios,discard_bytes,discard_ios,source
2026-03-08T11:10:08+09:00,360710144,10009366528,2773,19314,0,0,cgroupv2
2026-03-08T11:10:11+09:00,360710144,10009378816,2773,19317,0,0,cgroupv2
2026-03-08T11:10:14+09:00,360710144,10009378816,2773,19317,0,0,cgroupv2
2026-03-08T11:10:17+09:00,360710144,10009395200,2773,19321,0,0,cgroupv2
2026-03-08T11:10:20+09:00,360710144,10009505792,2773,19327,0,0,cgroupv2
2026-03-08T11:10:22+09:00,360710144,10513063936,2773,20736,0,0,cgroupv2
2026-03-08T11:10:25+09:00,360710144,11075321856,2773,21991,0,0,cgroupv2
2026-03-08T11:10:28+09:00,360710144,11915358208,2773,23417,0,0,cgroupv2
2026-03-08T11:10:32+09:00,360710144,12483796992,2773,24326,0,0,cgroupv2
2026-03-08T11:10:34+09:00,360710144,12992450560,2773,24962,0,0,cgroupv2
2026-03-08T11:10:37+09:00,360710144,13769777152,2773,25914,0,0,cgroupv2
2026-03-08T11:10:41+09:00,360710144,14629179392,2773,26780,0,0,cgroupv2
2026-03-08T11:10:44+09:00,390463488,15335243776,3000,28119,0,0,cgroupv2
2026-03-08T11:10:47+09:00,422313984,16062259200,3243,28970,0,0,cgroupv2
2026-03-08T11:10:50+09:00,455737344,16802779136,3498,29798,0,0,cgroupv2
2026-03-08T11:10:53+09:00,487456768,17637257216,3740,31269,0,0,cgroupv2
2026-03-08T11:10:56+09:00,488660992,17712791552,3755,31367,0,0,cgroupv2
2026-03-08T11:10:59+09:00,488660992,17813454848,3755,31466,0,0,cgroupv2
2026-03-08T11:11:01+09:00,488660992,18040995840,3755,31735,0,0,cgroupv2
2026-03-08T11:11:04+09:00,488660992,18040995840,3755,31735,0,0,cgroupv2
2026-03-08T11:11:07+09:00,488660992,18040995840,3755,31735,0,0,cgroupv2
2026-03-08T11:11:10+09:00,488660992,18040995840,3755,31735,0,0,cgroupv2
2026-03-08T11:11:13+09:00,488660992,18040995840,3755,31735,0,0,cgroupv2
2026-03-08T11:11:16+09:00,488660992,18040995840,3755,31735,0,0,cgroupv2
2026-03-08T11:11:19+09:00,488660992,18040995840,3755,31735,0,0,cgroupv2
2026-03-08T11:11:22+09:00,488660992,18040995840,3755,31735,0,0,cgroupv2
2026-03-08T11:11:25+09:00,488660992,18040995840,3755,31735,0,0,cgroupv2
2026-03-08T11:11:28+09:00,488660992,18041020416,3755,31739,0,0,cgroupv2
2026-03-08T11:11:30+09:00,488660992,18041036800,3755,31743,0,0,cgroupv2
2026-03-08T11:11:33+09:00,488660992,18041036800,3755,31743,0,0,cgroupv2
2026-03-08T11:11:36+09:00,488660992,18041049088,3755,31746,0,0,cgroupv2
2026-03-08T11:11:39+09:00,488660992,18041049088,3755,31746,0,0,cgroupv2
2026-03-08T11:11:42+09:00,488660992,18041065472,3755,31750,0,0,cgroupv2
2026-03-08T11:11:45+09:00,488660992,18041065472,3755,31750,0,0,cgroupv2
2026-03-08T11:11:48+09:00,488660992,18041081856,3755,31754,0,0,cgroupv2
2026-03-08T11:11:51+09:00,488660992,18041098240,3755,31757,0,0,cgroupv2
2026-03-08T11:11:54+09:00,488660992,18041098240,3755,31757,0,0,cgroupv2
2026-03-08T11:11:57+09:00,488660992,18041114624,3755,31761,0,0,cgroupv2
2026-03-08T11:12:00+09:00,488660992,18041114624,3755,31761,0,0,cgroupv2
2026-03-08T11:12:02+09:00,488660992,18041131008,3755,31765,0,0,cgroupv2
2026-03-08T11:12:05+09:00,488660992,18041131008,3755,31765,0,0,cgroupv2
