timestamp,established,source
2026-03-08T11:10:08+09:00,4,procfs
2026-03-08T11:10:11+09:00,4,procfs
2026-03-08T11:10:14+09:00,4,procfs
2026-03-08T11:10:17+09:00,5,procfs
2026-03-08T11:10:20+09:00,5,procfs
2026-03-08T11:10:22+09:00,5,procfs
2026-03-08T11:10:25+09:00,14,procfs
2026-03-08T11:10:28+09:00,14,procfs
2026-03-08T11:10:32+09:00,14,procfs
2026-03-08T11:10:34+09:00,24,procfs
2026-03-08T11:10:37+09:00,24,procfs
2026-03-08T11:10:41+09:00,24,procfs
2026-03-08T11:10:44+09:00,44,procfs
2026-03-08T11:10:47+09:00,44,procfs
2026-03-08T11:10:50+09:00,44,procfs
2026-03-08T11:10:53+09:00,44,procfs
2026-03-08T11:10:56+09:00,4,procfs
2026-03-08T11:10:59+09:00,4,procfs
2026-03-08T11:11:01+09:00,4,procfs
2026-03-08T11:11:04+09:00,4,procfs
2026-03-08T11:11:07+09:00,4,procfs
2026-03-08T11:11:10+09:00,4,procfs
2026-03-08T11:11:13+09:00,4,procfs
2026-03-08T11:11:16+09:00,4,procfs
2026-03-08T11:11:19+09:00,4,procfs
2026-03-08T11:11:22+09:00,4,procfs
2026-03-08T11:11:25+09:00,4,procfs
2026-03-08T11:11:28+09:00,4,procfs
2026-03-08T11:11:30+09:00,4,procfs
2026-03-08T11:11:33+09:00,4,procfs
2026-03-08T11:11:36+09:00,4,procfs
2026-03-08T11:11:39+09:00,4,procfs
2026-03-08T11:11:42+09:00,4,procfs
2026-03-08T11:11:45+09:00,4,procfs
2026-03-08T11:11:48+09:00,4,procfs
2026-03-08T11:11:51+09:00,4,procfs
2026-03-08T11:11:54+09:00,4,procfs
2026-03-08T11:11:57+09:00,4,procfs
2026-03-08T11:12:00+09:00,4,procfs
2026-03-08T11:12:02+09:00,4,procfs
2026-03-08T11:12:05+09:00,4,procfs
